<?xml version="1.0" encoding="UTF-8"?>
<project-private xmlns="http://www.netbeans.org/ns/project-private/1">
    <editor-bookmarks xmlns="http://www.netbeans.org/ns/editor-bookmarks/2" lastBookmarkId="0"/>
    <open-files xmlns="http://www.netbeans.org/ns/projectui-open-files/2">
        <group>
            <file>file:/C:/Users/user/Documents/NetBeansProjects/TextAdvebture/src/textadventure/Exit.java</file>
            <file>file:/C:/Users/user/Documents/NetBeansProjects/TextAdvebture/src/textadventure/Room.java</file>
            <file>file:/C:/Users/user/Documents/NetBeansProjects/TextAdvebture/src/textadventure/NPC.java</file>
            <file>file:/C:/Users/user/Documents/NetBeansProjects/TextAdvebture/src/textadventure/Player.java</file>
            <file>file:/C:/Users/user/Documents/NetBeansProjects/TextAdvebture/src/textadventure/TextAdventure.java</file>
            <file>file:/C:/Users/user/Documents/NetBeansProjects/TextAdvebture/src/textadventure/Item.java</file>
        </group>
    </open-files>
</project-private>
